﻿<?xml version="1.0" encoding="UTF-8" ?>
<beans xmlns="http://www.springframework.org/schema/beans" xmlns:xsi="http://www.w3.org/2001/XMLSchema-instance" xmlns:p="http://www.springframework.org/schema/p"
	xmlns:context="http://www.springframework.org/schema/context" xmlns:aop="http://www.springframework.org/schema/aop" xmlns:tx="http://www.springframework.org/schema/tx"
	xmlns:cache="http://www.springframework.org/schema/cache"
	xsi:schemaLocation="http://www.springframework.org/schema/beans http://www.springframework.org/schema/beans/spring-beans-3.2.xsd
	   http://www.springframework.org/schema/context http://www.springframework.org/schema/context/spring-context-3.2.xsd
	   http://www.springframework.org/schema/tx http://www.springframework.org/schema/tx/spring-tx-3.2.xsd
       http://www.springframework.org/schema/aop http://www.springframework.org/schema/aop/spring-aop-3.2.xsd
       http://www.springframework.org/schema/cache http://www.springframework.org/schema/cache/spring-cache-3.2.xsd">
       
	
	<!-- Spring提供的发送电子邮件的高级抽象类 -->
	<bean id="mailSender" class="org.springframework.mail.javamail.JavaMailSenderImpl">
		<property name="host" value="${mail.host}" />
		<property name="username" value="${mail.username}" />
		<property name="password" value="${mail.password}" />
		<property name="defaultEncoding" value="UTF-8"></property>
		<property name="javaMailProperties">
			<props>
				<prop key="mail.smtp.auth">${mail.smtp.auth}</prop>
				<prop key="mail.smtp.timeout">${mail.smtp.timeout}</prop>
			</props>
		</property>
	</bean>

	<bean id="simpleMailMessage" class="org.springframework.mail.SimpleMailMessage">
		<property name="from">
			<value>${mail.default.from}</value>
		</property>
	</bean>
	
	<!-- 配置线程池 -->
	<bean id="threadPool" class="org.springframework.scheduling.concurrent.ThreadPoolTaskExecutor">
		<!-- 线程池维护线程的最少数量 -->
		<property name="corePoolSize" value="5" />
		<!-- 线程池维护线程所允许的空闲时间 -->
		<property name="keepAliveSeconds" value="30000" />
		<!-- 线程池维护线程的最大数量 -->
		<property name="maxPoolSize" value="50" />
		<!-- 线程池所使用的缓冲队列 -->
		<property name="queueCapacity" value="100" />
	</bean>

</beans>